id,vin,dealer,customer,order_date
1,JTDBR32E101000001,Автоцентр Север,Петров Алексей Владимирович,2025-01-15
2,JTNBF32K201000004,Моторс Плюс,Волкова Наталья Игоревна,2025-01-22
3,JTMBD33V301000007,Автоцентр Север,Никитин Сергей Павлович,2025-02-03
4,JTEBU29J401000010,Премиум Авто,Смирнова Ольга Викторовна,2025-02-14
5,WVWZZZ1K501000012,Моторс Плюс,Ковалев Роман Ильич,2025-02-27
6,WVWZZZ3C601000015,Драйв Авто,Зайцева Анна Дмитриевна,2025-03-05
7,WVGZZZ5NZ701000018,АвтоГарант,Макаров Павел Сергеевич,2025-03-19
8,WV2ZZZ7H801000020,АвтоМир,Беляева Ирина Александровна,2025-04-02
9,WBA8E110901000022,Автоцентр Север,Романова Екатерина Игоревна,2025-04-17
10,WBAJA110A01000025,Премиум Авто,Тихонов Владимир Андреевич,2025-04-29
11,WBXHT310B01000028,АвтоГарант,Александров Николай Романович,2025-05-06
12,WBANX510C01000030,Драйв Авто,Ершова Юлия Максимовна,2025-05-18
13,WDD20504001000032,Моторс Плюс,Петров Алексей Владимирович,2025-06-01
14,WDD21304201000035,Автоцентр Север,Орлова Марина Андреевна,2025-06-12
15,W1N16712301000037,АвтоМир,Никитин Сергей Павлович,2025-06-25
16,WDD22204401000039,Премиум Авто,Смирнова Ольга Викторовна,2025-07-04
17,WF0JXXGAJ01000041,АвтоГарант,Макаров Павел Сергеевич,2025-07-16
18,WF0NXXGCD01000043,Моторс Плюс,Беляева Ирина Александровна,2025-07-29
19,1FATP8FFX01000046,Автоцентр Север,Ковалев Роман Ильич,2025-08-07
20,1FM5K8GCX01000049,АвтоМир,Зайцева Анна Дмитриевна,2025-08-21
21,KMHDN45D101000051,Драйв Авто,Романова Екатерина Игоревна,2025-09-03
22,KMHFG41E201000053,Моторс Плюс,Тихонов Владимир Андреевич,2025-09-15
23,TMAJ3815A01000056,АвтоГарант,Ершова Юлия Максимовна,2025-09-28
24,KMHS3815B01000059,Премиум Авто,Петров Алексей Владимирович,2025-10-06
25,KNADC514D01000061,Автоцентр Север,Волкова Наталья Игоревна,2025-10-19
26,U5YHN816E01000063,АвтоМир,Никитин Сергей Павлович,2025-11-02
27,KNAF3817F01000065,Драйв Авто,Смирнова Ольга Викторовна,2025-11-14
28,KNAR3818G01000068,Моторс Плюс,Макаров Павел Сергеевич,2025-11-27
29,TMBJG7NE901000070,АвтоГарант,Беляева Ирина Александровна,2025-12-04
30,TMBLK7NP101000073,Автоцентр Север,Александров Николай Романович,2025-12-12
31,TMBMR7NS201000075,Колесо,Ершова Юлия Максимовна,2025-12-18
32,TMBJF6NJ301000077,АвтоМир,Орлова Марина Андреевна,2025-12-23
33,WAUZZZ8K401000079,Моторс Плюс,Ковалев Роман Ильич,2026-01-09
34,WAUZZZ4G501000082,Драйв Авто,Зайцева Анна Дмитриевна,2026-01-17
35,WA1LFAFP601000085,Автоцентр Север,Петров Алексей Владимирович,2026-01-24
36,WA1VAAFQ701000087,Премиум Авто,Тихонов Владимир Андреевич,2026-02-02
37,SJNFDAAK801000090,АвтоГарант,Волкова Наталья Игоревна,2026-02-11
38,SJNFAAJJ901000092,Моторс Плюс,Никитин Сергей Павлович,2026-02-19
39,JN1TANTK001000095,Автоцентр Север,Смирнова Ольга Викторовна,2026-02-27
40,JNKYTRKQ101000098,Премиум Авто,Макаров Павел Сергеевич,2026-03-05
41,JTDBR32E101000101,АвтоПарк,Романова Екатерина Игоревна,2026-03-11
42,JTNBF32K201000102,АвтоЭксперт,Беляева Ирина Александровна,2026-03-16
43,JTMBD33V301000103,Мотор-Сервис,Александров Николай Романович,2026-03-21
44,WVWZZZ1K501000104,Автоцентр Север,Ершова Юлия Максимовна,2026-03-26
45,WVGZZZ5NZ701000105,Премиум Авто,Петров Алексей Владимирович,2026-03-31
46,WBA8E110901000106,Гранд Авто,Орлова Марина Андреевна,2026-04-04
47,WBANX510C01000107,АвтоЭксперт,Ковалев Роман Ильич,2026-04-09
48,WDD21304201000108,Моторс Плюс,Зайцева Анна Дмитриевна,2026-04-14
49,W1N16712301000109,АвтоПарк,Тихонов Владимир Андреевич,2026-04-19
50,1FATP8FFX01000110,АвтоСтиль,Никитин Сергей Павлович,2026-04-23
51,KMHFG41E201000111,АвтоХаус,Смирнова Ольга Викторовна,2026-04-28
52,TMAJ3815A01000112,АвтоЛидер,Макаров Павел Сергеевич,2026-05-02
53,KNAF3817F01000113,Форсаж,Беляева Ирина Александровна,2026-05-07
54,TMBJG7NE901000114,АвтоЭксперт,Романова Екатерина Игоревна,2026-05-11
55,TMBMR7NS201000115,Премиум Авто,Петров Алексей Владимирович,2026-05-16
56,WAUZZZ8K401000116,Мотор-Сервис,Волкова Наталья Игоревна,2026-05-21
57,WA1LFAFP601000117,АвтоПарк,Александров Николай Романович,2026-05-26
58,SJNFAAJJ901000118,АвтоГарант,Ершова Юлия Максимовна,2026-05-30
59,JN1TANTK001000119,Гранд Авто,Орлова Марина Андреевна,2026-06-04
60,JTEBU29J401000120,АвтоХаус,Ковалев Роман Ильич,2026-06-09
61,JTDBR32E101000002,Премиум Авто,Зайцева Анна Дмитриевна,2026-06-14
62,JTNBF32K201000005,АвтоЛидер,Тихонов Владимир Андреевич,2026-06-19
63,JTMBD33V301000008,АвтоМир,Смирнова Ольга Викторовна,2026-06-24
64,WVWZZZ1K501000013,Форсаж,Макаров Павел Сергеевич,2026-06-29
65,WVWZZZ3C601000016,АвтоЭксперт,Беляева Ирина Александровна,2026-07-03
66,WVGZZZ5NZ701000019,АвтоПарк,Никитин Сергей Павлович,2026-07-08
67,WBA8E110901000023,АвтоЛидер,Петров Алексей Владимирович,2026-07-13
68,WBAJA110A01000026,Колесо,Романова Екатерина Игоревна,2026-07-18
69,WDD20504001000033,АвтоЭксперт,Орлова Марина Андреевна,2026-07-23
70,WDD22204401000040,Гранд Авто,Александров Николай Романович,2026-07-28
71,WF0NXXGCD01000044,Форсаж,Ершова Юлия Максимовна,2026-08-02
72,1FM5K8GCX01000050,АвтоПарк,Волкова Наталья Игоревна,2026-08-07
73,KMHDN45D101000052,АвтоСтиль,Ковалев Роман Ильич,2026-08-12
74,KMHS3815B01000060,Колесо,Зайцева Анна Дмитриевна,2026-08-17
75,KNADC514D01000062,АвтоЭксперт,Петров Алексей Владимирович,2026-08-22
76,U5YHN816E01000064,АвтоПарк,Тихонов Владимир Андреевич,2026-08-27
77,KNAR3818G01000069,АвтоЛидер,Смирнова Ольга Викторовна,2026-09-01
78,TMBLK7NP101000074,Премиум Авто,Макаров Павел Сергеевич,2026-09-07
79,WAUZZZ4G501000084,АвтоХаус,Беляева Ирина Александровна,2026-09-12
80,JNKYTRKQ101000099,Гранд Авто,Романова Екатерина Игоревна,2026-09-18